No.	Student Number	Student Name	DoB	Email Address	Gender	Last Name	First Name	Email
1	136603	Adhiambo, Jane Daisy	2003-03-04		F	Adhiambo	Jane	jadhiambo@gmail.com
2	142285	Ali, Sumeiya Abdulle Abdirizak	2002-05-01		F	Ali	Sumeiya	sali@gmail.com
3	146072	Asava, Wayne Majani	2002-11-03		M	Asava	Wayne	wasava@gmail.com
4	145210	Barasa, Michelle Nekesa	2000-06-25		F	Barasa	Michelle	mbarasa@gmail.com
5	143496	Bigingi, Ian Duncan	2003-04-19		M	Bigingi	Ian	ibigingi@gmail.com
6	146171	Cheboi, Lormotum Noel	2000-07-21		M	Cheboi	Lormotum	lcheboi@gmail.com
7	145835	Dulo, Humphrey James	2002-04-22		M	Dulo	Humphrey	hdulo@gmail.com
8	146565	Etemesi, Caleb Asira	2003-02-04		M	Etemesi	Caleb	cetemesi@gmail.com
9	136046	Frances, Ayango	2001-11-25		F	Frances	Ayango	afrances@gmail.com
10	146399	Gitau, Sandra Wanjiru	2003-01-11		F	Gitau	Sandra	sgitau@gmail.com
11	146424	Hassan, Masoud Ali	2001-09-22		M	Hassan	Masoud	mhassan@gmail.com
12	145279	Kabui, Michelle Miceere	2002-02-27		F	Kabui	Michelle	mkabui@gmail.com
13	145491	Kamau, Edinah Nyambura	2003-02-08		F	Kamau	Edinah	ekamau@gmail.com
14	137991	Kamau, Jesse Mbugua	2003-08-14		M	Kamau	Jesse	jkamau@gmail.com
15	146013	Karani, Amanda Ngendo	2002-12-23		F	Karani	Amanda	akarani@gmail.com
16	145212	Kathurima, Ryan Kinoti	2000-04-28		M	Kathurima	Ryan	rkathurima@gmail.com
17	145802	Kennedy, Angel Venoliah	2001-12-25		F	Kennedy	Angel	akennedy@gmail.com
18	136395	Kiilu, Jeff Kioko	2002-12-28		M	Kiilu	Jeff	jkiilu@gmail.com
19	137503	Kiiru, Cynthia Everlyn Muthoni	2001-12-05		F	Kiiru	Cynthia	ckiiru@gmail.com
20	141690	Kimani, Alex Mwangi	2002-06-18		M	Kimani	Alex	akimani@gmail.com
21	128576	Kinegeni, Terry	2000-12-09		F	Kinegeni	Terry	tkinegeni@gmail.com
22	145602	Kyalo, Felicia Mutheu	2001-03-03		F	Kyalo	Felicia	fkyalo@gmail.com
23	138216	Leting, Sylvester Kiplagat	2003-12-15		M	Leting	Sylvester	sleting@gmail.com
24	139991	Lihanda, Glen Musa	2003-11-26		M	Lihanda	Glen	glihanda@gmail.com
25	144915	Mahia, Jerome Kamau	2003-11-26		M	Mahia	Jerome	jmahia@gmail.com
26	115104	Mbugua, Nathan Ng'ethe	2002-06-26		M	Mbugua	Nathan	nmbugua@gmail.com
27	139074	Mbwanga, Emmanuel Chivunira	2002-11-07		M	Mbwanga	Emmanuel	embwanga@gmail.com
28	92313	Moire, Henry Nyakundi	2003-04-07		M	Moire	Henry	hmoire@gmail.com
29	129029	Morara, Keith Matwere	2000-08-26		M	Morara	Keith	kmorara@gmail.com
30	138583	Muchiri, Lynn Wairimu	2001-07-22		F	Muchiri	Lynn	lmuchiri@gmail.com
31	144338	Mugendi, Emmanuel Muthomi	2000-08-16		M	Mugendi	Emmanuel	emugendi@gmail.com
32	140091	Mukiri, Maryanne Wanjiku	2000-10-13		F	Mukiri	Maryanne	mmukiri@gmail.com
33	145351	Mungai, Kihanya	2000-09-10		M	Mungai	Kihanya	kmungai@gmail.com
34	145836	Musyoka, Brian Kioko	2002-07-10		M	Musyoka	Brian	bmusyoka@gmail.com
35	139133	Mutende, Arabella Fanisheba	2002-05-06		F	Mutende	Arabella	amutende@gmail.com
36	145703	Mutinda, Bryan Lwaya	2003-06-01		M	Mutinda	Bryan	bmutinda@gmail.com
37	146016	Mwago, Megan Dette	2001-08-14		F	Mwago	Megan	mmwago@gmail.com
38	145041	Mwai, David King	2000-02-28		M	Mwai	David	dmwai@gmail.com
39	145646	Nalugala, Venessa Chebukwa	2001-11-13		F	Nalugala	Venessa	vnalugala@gmail.com
40	145813	Ndirangu, Denise Nyambura	2002-12-08		F	Ndirangu	Denise	dndirangu@gmail.com
41	139149	Ngahu, David Gitonga	2000-08-09		M	Ngahu	David	dngahu@gmail.com
42	141733	Ngari, Sifa Gathoni	2003-06-15		F	Ngari	Sifa	sngari@gmail.com
43	134321	Nguthiru, Edwin Ndiritu	2001-01-04		M	Nguthiru	Edwin	enguthiru@gmail.com
44	145354	Nyamosi, Edmond Omwega	2001-04-12		M	Nyamosi	Edmond	enyamosi@gmail.com
45	145536	Nyang'or, Olive Menorah	2002-07-12		F	Nyang'or	Olive	onyangor@gmail.com
46	122993	Omal, Warren	2003-07-08		M	Omal	Warren	womal@gmail.com
47	145182	Omondi, Emmanuel Neville	2003-11-16		M	Omondi	Emmanuel	eomondi@gmail.com
48	146533	Omondi, Winfred Achieng	2000-06-18		F	Omondi	Winfred	womondi@gmail.com
49	131778	Otao, Davis Mokora	2001-06-04		M	Otao	Davis	dotao@gmail.com
50	146202	Rintaugu, Mugambi Nteere	2000-05-28		M	Rintaugu	Mugambi	mrintaugu@gmail.com
51	146413	Rotich, Mercy Chepngetich	2003-07-10		F	Rotich	Mercy	mrotich@gmail.com
52	146254	Sehmi, Singh Jeevan	2001-01-24		M	Sehmi	Singh	ssehmi@gmail.com
53	144914	Vasani, Aman Upinkumar	2002-12-26		M	Vasani	Aman	avasani@gmail.com
54	135361	Wafula, Gideon Simiyu	2003-12-15		M	Wafula	Gideon	gwafula@gmail.com
55	145770	Wahu, Bridget Makena	2002-04-10		F	Wahu	Bridget	bwahu@gmail.com
56	145369	Wango, Michael Mundati	2002-12-06		M	Wango	Michael	mwango@gmail.com
57	137938	Wangombe, Martin Mwangi	2002-08-08		M	Wangombe	Martin	mwangombe@gmail.com
58	145838	Wanyonyi, Brian Newton	2002-02-17		M	Wanyonyi	Brian	bwanyonyi@gmail.com
59	138616	Wasike, Nicole Jones Nekesa	2003-11-20		F	Wasike	Nicole	nwasike@gmail.com
